Rank,Name,TA Rating,Review Count,Travelers Choice 2025,TA URL,Website,Phone,Email,Owner / Contact Name,LinkedIn URL,Instagram Handle,Instagram Followers,Facebook URL,Languages Served,Tour Type,Price From (EUR),Year Founded,Booking Platforms,Owner Responds to Reviews,Latest Review Date,Enrichment Status,Notes
1,SANDEMANs New Europe - Amsterdam,4.5,19690,Yes,https://www.tripadvisor.com/Attraction_Review-g188590-d1099424,neweuropetours.eu,+31 6 83544580,amsterdam@neweuropetours.eu,SANDEMANs Team,,@sandemansfreetours,24600,facebook.com/neweuropetours,"English, German, Spanish, French, Italian, Portuguese, Dutch",Free Walking / Paid Private,0,2004,"Own site, Viator, GetYourGuide",Yes,Mar 2026,Fully Enriched,World largest free tour; IG 24.6K; Berlin founded 2004; price tip-based (free walking)
2,360 Amsterdam Tours,5,16096,Yes,https://www.tripadvisor.com/Attraction_Review-g188590-d6454312,360amsterdamtours.com,+31 6 19934503,support@360amsterdamtours.com,Anja Herrmann,linkedin.com/in/anja-herrmann,@360amsterdam,1488,facebook.com/360amsterdam,"English, Spanish, Italian, German, Portuguese, French, Dutch",Private & Group Walking,32.5,2014,"Viator, Own site",Yes,Mar 2026,Fully Enriched,Team 4 staff + 35-50 freelance guides; Feb 2014; 448 IG posts
3,FreeDam Tours,5,7531,Yes,https://www.tripadvisor.com/Attraction_Review-g188590-d10038783,freedamtours.com,,info@freedamtours.com,,,@freedamtours,1975,facebook.com/freedamtours,"English, Dutch, Spanish",Free Walking / Paid,0,2018,Own site,Yes,Mar 2026,Fully Enriched,Tip-based free walking tour; 1975 IG followers
4,Free Walking Tours Amsterdam,5,5309,Yes,https://www.tripadvisor.com/Attraction_Review-g188590-d7932225,freewalkingtoursamsterdam.com,,info@freewalkingtoursamsterdam.com,,,,,,English,Free Walking,0,2015,Own site,Yes,Mar 2026,Partially Enriched,No Instagram found; tip-based free tour
5,Camaleon Tours,5,5249,Yes,https://www.tripadvisor.com/Attraction_Review-g188590-d4106764,camaleontours.com,,info@camaleontours.com,,,@camaleon.tours,10800,facebook.com/camaleontours,"English, Spanish",Private & Group Walking,25,2013,"Own site, Viator",Yes,Mar 2026,Fully Enriched,Spanish-speaking guides; 10.8K IG followers
6,Mike's Bike Tours Amsterdam,4.5,4911,Yes,https://www.tripadvisor.com/Attraction_Review-g188590-d621588,mikesbiketoursamsterdam.com,+31 20 622 7970,info@mikesbiketoursamsterdam.com,Mike,,@mikesbiketoursinamsterdam,1520,facebook.com/mikesbiketoursamsterdam,English,Group Bike,39,1999,"Own site, Viator",Yes,Mar 2026,Fully Enriched,Founded 1999; oldest bike tour companies; 1520 IG
7,We Bike Amsterdam,4.5,4390,Yes,https://www.tripadvisor.com/Attraction_Review-g188590-d4584280,webikeamsterdam.com,+31 20 622 4391,info@webikeamsterdam.com,,,@webikeamsterdam,6168,facebook.com/webikeamsterdam,"English, Dutch",Group & Private Bike,29.5,2012,"Own site, Viator, GetYourGuide",Yes,Mar 2026,Fully Enriched,"NY phone; multilingual; @babyloncitytours; 6,168 IG followers; founded 2012"
8,Babylon Tours,5,3399,Yes,https://www.tripadvisor.com/Attraction_Review-g188590-d6214545,babylontours.com,+1 917-999-0380,info@babylontours.com,,,@amsterdam_food_tours,3175,facebook.com/people/Amsterdam-Food-Tours-by-Adam-Eve/61562893411469,"English, Spanish, Arabic",Private & Group Walking,85,2015,Own site,Yes,Mar 2026,Fully Enriched,"Food tours; IG 3,175; founded 2015; price €85"
9,Adam & Eve Amsterdam Food Tours,5,2919,Yes,https://www.tripadvisor.com/Attraction_Review-g188590-d13980469,adamandevetours.com,,info@adamandevetours.com,,,,,,English,Group Food Walking,75,2019,"Own site, GetYourGuide",Yes,Mar 2026,Partially Enriched,Website not yet visited
10,Amsterdam Food Tours by Eating Europe,4.5,2765,Yes,https://www.tripadvisor.com/Attraction_Review-g188590-d6849245,eatingeurope.com,,amsterdam@eatingeurope.com,Mark Law,linkedin.com/in/kenny-dunn,@thatdamguide,1187,facebook.com/ThatDamGuide,English,Group Food Walking,99,2011,"Own site, Viator, GetYourGuide",Yes,Mar 2026,Fully Enriched,"Solo guide Mark Law; IG 1,187; recommended by Rick Steves; private tours only"
11,That Dam Guide,5,2231,Yes,https://www.tripadvisor.com/Attraction_Review-g188590-d5607298,thatdamguide.com,,mark@thatdamguide.com,Mark,,@amsterdamguias,3949,facebook.com/amsterdamguias,English,Private Walking,0,2016,Own site,Yes,Mar 2026,Fully Enriched,"Spanish-language specialist; IG 3,949; 1,600 posts; group & private tours"
12,Amsterdam Guias & Tours,4.5,3306,Yes,https://www.tripadvisor.com/Attraction_Review-g188590-d12659487,amsterdamguias.com,,info@amsterdamguias.com,,,@wumbrellatours,3097,,"Spanish, English",Group & Private Walking,25,2013,Own site,Yes,Mar 2026,Fully Enriched,"European franchise network; 10+ years; 2M+ clients; IG 3,097; Spanish-led"
13,White Umbrella Tours,4.5,3835,Yes,https://www.tripadvisor.com/Attraction_Review-g188590-d3835310,whiteumbrellatours.com,,info@whiteumbrellatours.com,,,@amsterdamredlightdistricttour,15100,facebook.com/AmsterdamRedlightDistrictTour,English,Private & Group Walking,40,2010,Own site,Yes,Mar 2026,Fully Enriched,RLD specialist; IG 15.1K; founded 2010; price from €40
14,Amsterdam Red Light District Tours,4.5,1190,Yes,https://www.tripadvisor.com/Attraction_Review-g188590-d7362975,amsterdamredlightdistricttour.com,+31 6 43 41 37 99,info@amsterdamredlightdistricttour.com,,,@amsterdam.experiences,14000,facebook.com/amsterdamexperiences,English,Group Walking,485,2016,"Own site, Viator",Yes,Mar 2026,Fully Enriched,Premium private tours; IG 14K; price from €485; phone +31 6 43 41 37 99
15,Bespoke Amsterdam Experiences,5,1457,Yes,https://www.tripadvisor.com/Attraction_Review-g188590-d13430753,amsterdamexperiences.nl,,info@amsterdamexperiences.nl,,,@withlocals,27000,facebook.com/Withlocals,"English, Dutch",Private Experiences,150,2013,Own site,Yes,Mar 2026,Partially Enriched,Platform model; 27K IG followers; multiple local guides; founded 2013
16,Amsterdam Withlocals,4.5,1540,Yes,https://www.tripadvisor.com/Attraction_Review-g188590-d8891040,withlocals.com,,,,,,,,"English, Dutch, Multiple",Private Experiences,0,2013,Own site (platform),Yes,Mar 2026,Fully Enriched,Primarily rental; minimal online social presence; 4 Amsterdam locations
17,A-Bike Rental & Tours Amsterdam,4,1453,No,https://www.tripadvisor.com/Attraction_Review-g188590-d7698395,a-bike.nl,+31 20 620 4055,info@a-bike.nl,Peter Schaapman,,,,,"English, Dutch",Bike Rental & Tours,160,2014,Own site,No,Mar 2026,Fully Enriched,Guide Peter Schaapman; private only; max 4 people; €160; ~2.5 hours
18,Amsterdam in WWII Walking Tour,5,1197,Yes,https://www.tripadvisor.com/Attraction_Review-g188590-d10209999,historywalks.eu,,info@historywalks.eu,,,@sidewalks.amsterdam,2200,,"Spanish, English",Free Walking / Private,20,2010,"Own site, Viator",Yes,Mar 2026,Fully Enriched,Spanish-focused free & private tours; IG 2.2K; 345 posts
19,SideWalks,5,1114,Yes,https://www.tripadvisor.com/Attraction_Review-g188590-d10209999,,,,,,,,,English,Walking,0,,Own site,Yes,Mar 2026,Partially Enriched,Website cityfreetour.com; no Instagram found; free walking tours
20,City Free Tour Amsterdam,4.5,869,Yes,https://www.tripadvisor.com/Attraction_Review-g188590-d3170878,cityfreetour.com,+31 6 19 29 6774,hello@hungrybirds.nl,,,@hungrybirdsamsterdam,2601,facebook.com/hungrybirdsamsterdam,"English, Spanish",Free Walking,0,2013,Own site,Yes,Mar 2026,Fully Enriched,"Oldest food tour Amsterdam (10+ years); IG 2,601; phone +31619296774"
21,Hungry Birds Street Food Tours,5,1401,Yes,https://www.tripadvisor.com/Attraction_Review-g188590-d4480916,hungrybirds.nl,,info@hungrybirds.nl,,,,,,English,Group Food Walking,49,2014,"Own site, GetYourGuide",Yes,Mar 2026,Partially Enriched,Website not yet visited
22,K7 Travel,4.5,1428,Yes,https://www.tripadvisor.com/Attraction_Review-g188590-d10506234,,+31641176032,,,,@AmsterdamVelo,7018,facebook.com/AmsterdamVelo,"English, Multiple",Multi-day Tours,0,,,Yes,Mar 2026,Fully Enriched,"Bike tours + rental; French & English guides; IG 7,018; phone +31641176032"
23,Amsterdam Velo,4.5,1274,Yes,https://www.tripadvisor.com/Attraction_Review-g188590-d3695549,amsterdam-velo.com,,info@amsterdam-velo.com,,,@yellowbiketours_amsterdam,570,,"English, Dutch, French",Bike Tours & Rental,29,1990,Own site,Yes,Mar 2026,Fully Enriched,First bike tour company in world (1990!); family business; IG 570; from €29
24,Yellow Bike,4,950,No,https://www.tripadvisor.com/Attraction_Review-g188590-d1151489,triggertours.com,+31 20 620 6940,info@yellowbike.nl,,,@triggertours,190,,"English, Dutch",Bike Tours & Rental,22.5,1990,Own site,No,Mar 2026,Partially Enriched,Multiple tour types (food/bike/history); IG 190; website triggertours.com
25,Trigger Tours,4.5,870,Yes,https://www.tripadvisor.com/Attraction_Review-g188590-d8891041,,,,,,,,,English,Walking / Experiences,0,,,Yes,Mar 2026,EXCLUDE - Boat Tour,Canal cruise operator - should be excluded (boat tour)
26,Toms Travel Tours,4.5,693,Yes,,joyridetours.nl,,,,,@amsterdambiketours,302,,English,Private Tours,0,,,Yes,Mar 2026,Partially Enriched,Bike tours; IG @amsterdambiketours 302 followers; website joyridetours.nl
27,Joy Ride Tours,4.5,678,Yes,,,,,,,,,,English,Bike Tours,0,,,Yes,Mar 2026,Not Started,Not yet enriched
28,Dutchtrips.com,4.5,464,Yes,,dutchtrips.com,,,,,,,,"English, Dutch",Day Trips / Tours,0,,,Yes,Mar 2026,Not Started,Not yet enriched
29,Cherry Travel & Tours,4.5,474,Yes,,amorartium.com,,,,,@amorartium_,,,English,Art / Museum Walking Tour,0,,,Yes,Mar 2026,Partially Enriched,Art history tours; IG @amorartium_; website amorartium.com
30,Amor Artium,5,500,Yes,,amsterdamclassictours.com,+31626250090,,,,@amsterdam_classic_tours,,,"English, Dutch",Art / Museum Tours,90,,,Yes,Mar 2026,Partially Enriched,Free walking + paid tours; phone +31626250090; website amsterdamclassictours.com
31,Free Amsterdam Classic Tours,5,437,Yes,,,,,,,,,,English,Free Walking,0,,,Yes,Mar 2026,Not Started,Not yet enriched
32,Amsterdam En Bicicleta,5,398,Yes,,thoseamsterdames.com,,,Kendra Borgen,,@thoseamsterdames,631,,"Spanish, English",Bike Tours,0,,,Yes,Mar 2026,Partially Enriched,Owner Kendra Borgen; IG 631 followers; bike tours countryside
33,Those Amsterdames,5,395,Yes,,,,,,,,,,English,Private Walking,0,,,Yes,Mar 2026,Not Started,Not yet enriched
34,Guiarte Tours Amsterdam,4.5,312,Yes,,amsterdamphotosafari.com,,,,,@amsterdamphotosafari,289,,"Spanish, English",Private Walking,0,,,Yes,Mar 2026,Partially Enriched,Recommended by Nat Geo 2017 & 2018; IG 289; photo tours day/night/tulip/private
35,Amsterdam Photo Safari,5,240,Yes,,,,,,,,,,"English, Dutch",Photography Tour,0,,,Yes,Mar 2026,Not Started,Not yet enriched
36,Sherpa Food Tours,5,240,Yes,,,,,,,,,,English,Group Food Walking,0,,,Yes,Mar 2026,Not Started,Not yet enriched
37,VoyageOn Travel Amsterdam,4.5,225,Yes,,,,,,,,,,English,Tours,0,,,Yes,Mar 2026,Not Started,Not yet enriched
38,Omy Amsterdam Tours,5,231,Yes,,,,,,,,,,"English, Japanese",Private Tours,0,,,Yes,Mar 2026,Not Started,Not yet enriched
39,Hop On Hop Off Holland,4,210,No,,,,,,,,,,"English, Dutch, Multiple",Hop On Hop Off,0,,,No,Mar 2026,Not Started,Not yet enriched
40,Free Food Tour Amsterdam,5,271,Yes,,,,,,,,,,English,Free Food Walking,0,,,Yes,Mar 2026,Not Started,Not yet enriched
41,Walks In Amsterdam,5,257,Yes,,,,,,,,,,English,Private Walking,0,,,Yes,Mar 2026,Not Started,Not yet enriched
42,Amigo Tours Amsterdam,4.5,284,Yes,,streatbites.com,,,Guy & Inbal,,@streat_bites,7769,,"English, Spanish",Group Walking,0,2017,,Yes,Mar 2026,Fully Enriched,"Owners Guy & Inbal; food bloggers; IG 7,769; ~8 years; website streatbites.com"
43,Streat Bites,5,460,Yes,,,,,,,@blackheritagetours,6857,facebook.com/blackheritagetours,English,Group Food Walking,0,2013,,Yes,Mar 2026,Fully Enriched,"First Black heritage tour in Amsterdam; founded 2013; IG 6,857"
44,Black Heritage Amsterdam Tours,4.5,188,Yes,https://www.tripadvisor.com/Attraction_Review-g188590-d3997527,blackheritagetours.com,,info@blackheritagetours.com,,,,,,"English, Dutch",Group Walking History,15,2016,Own site,Yes,Mar 2026,Partially Enriched,Website not yet visited
45,Amsterbike,4,167,No,,,,,,,,,,"English, Dutch",Bike Rental & Tours,0,,,No,Mar 2026,Not Started,Not yet enriched
46,Bill's Bike Tour,5,162,Yes,,,,bill@,Bill,,,,,English,Bike Tours,0,,,Yes,Mar 2026,Not Started,Solo guide
47,Holland Discovery,4,158,No,,,,,,,,,,"English, Dutch",Day Trips,0,,,No,Mar 2026,Not Started,Not yet enriched
48,Discount Bike Rental,4,150,No,,,,,,,,,,"English, Dutch",Bike Rental,0,,,No,Mar 2026,Not Started,Not yet enriched
49,King Bikes,4,125,No,,,,,,,,,,"English, Dutch",Bike Rental & Tours,0,,,No,Mar 2026,Not Started,Not yet enriched
50,City Unscripted,4.5,135,Yes,,cityunscripted.com,,,,,,,,"English, Multiple",Private Experiences (Platform),0,2015,Own site (platform),Yes,Mar 2026,Not Started,Platform model
51,We Are Amsterdam,5,133,Yes,,,,,,,,,,English,Private Walking,0,,,Yes,Mar 2026,Not Started,Not yet enriched
52,Rude Bastards Tour Amsterdam,5,139,Yes,,,,,,,,,,English,Walking / Adult,0,,,Yes,Mar 2026,Not Started,Not yet enriched
53,LimoBike,4,123,No,,,,,,,,,,"English, Dutch",Bike Tours,0,,,No,Mar 2026,Not Started,Not yet enriched
54,Hard Rock Cafe Amsterdam,4,115,No,,hardrockcafe.com,,,,,,,,"English, Dutch, Multiple",Experiences,0,,,No,Mar 2026,Not Started,Corporate chain
55,Orange Adventures,4.5,89,Yes,,,,,,,,,,"English, Dutch",Bike & Canoe,0,,,Yes,Mar 2026,Not Started,Not yet enriched
56,Strawberry Tours Amsterdam,4.5,95,Yes,,strawberrytours.com,,,,,,,,"English, Multiple",Free Walking,0,2008,Own site,Yes,Mar 2026,Not Started,International free tour brand
57,88Travelguide,4.5,85,Yes,,,,,,,,,,"English, Chinese",Private Tours,0,,,Yes,Mar 2026,Not Started,Chinese-speaking guide
58,AmsterdamViaggi,4.5,81,Yes,,,,,,,,,,"Italian, English",Private Tours,0,,,Yes,Mar 2026,Not Started,Italian-speaking specialist
59,AllTourNative Amsterdam,4.5,71,Yes,,,,,,,,,,English,Alternative / Walking,0,,,Yes,Mar 2026,Not Started,Not yet enriched
60,Amsterdam at 15:15,5,70,Yes,,,,,,,,,,English,Afternoon Walking,0,,,Yes,Mar 2026,Not Started,Not yet enriched
61,Lowlands Tours,4.5,62,Yes,,,,,,,,,,"English, Dutch",Day Trips,0,,,Yes,Mar 2026,Not Started,Not yet enriched
62,Arielle Frioza Photography,5,63,Yes,,,,,Arielle Frioza,,,,,English,Photo Tour / Portrait,0,,,Yes,Mar 2026,Not Started,Solo photographer
63,Hans Langh Tours,4.5,65,Yes,,,,,Hans Langh,,,,,"English, Dutch, German",Private Tours,0,,,Yes,Mar 2026,Not Started,Solo guide
64,Proefzolder Cheese Tasting,4.5,57,Yes,,,,,,,,,,"English, Dutch",Food Experience,0,,,Yes,Mar 2026,Not Started,Not yet enriched
65,Rota Amsterdam,4.5,50,Yes,,,,,,,,,,"English, Spanish, Portuguese",Walking,0,,,Yes,Mar 2026,Not Started,Not yet enriched